filename,clip_id,source,moving_ratio,longest_static_sec,longest_static_start_sec,longest_static_end_sec,longest_moving_sec,n_moving_bouts,disp_mean,disp_max,aspect_osc,global_change_frames,first_global_change_sec,unknown_ratio,not_visible_ratio,max_geckos,bbox_area_jump,head_micro
drinking__drinking__036a650d.mov,036a650d-1b86-435c-bb53-50829430aac6,eval-0608,0.20714285714285696,4.101752136752137,0.2000854700854701,4.301837606837607,1.3005555555555546,11,0.03775691286430258,0.2004477438253672,0.25604483354561025,0,,0.10256410256410281,0.0,1,1.5715259392751353,-0.028550059362289083
drinking__drinking__2c1be3dd.mov,2c1be3dd-96c7-46e8-a50b-014c2e4915bf,eval-0608,0.10609756097560985,4.4009496347558645,16.62269511726259,21.023644752018456,0.3924413687043442,12,0.023056126529531606,0.1806944479489579,0.37271477445634965,0,,0.05420991926182248,0.0,2,2.8180699885161253,0.09112909328127905
drinking__drinking__3d46364a.mov,3d46364a-9473-4413-b9d7-65463fb1c13f,eval-0608,0.36821705426356577,1.3058346055979655,10.50224427480916,11.808078880407125,2.611669211195929,9,0.02047086831521435,0.29915744294656466,0.18070133473359087,29,2.0004274809160307,0.05496183206106873,0.0,2,2.2217720673655617,
drinking__drinking__685911a0.mov,685911a0-8b68-4d9e-a55b-b4db5ff27647,eval-0608,,0.0,,,0.0,0,,,,0,,1.0,0.0,0,1.0,
drinking__drinking__6d9d504f.mov,6d9d504f-13ec-47eb-aafd-1b8cbeec18ce,eval-0608,0.22853185595567888,2.4922677234698374,0.3137120211360634,2.8059797446059007,0.9062791721708496,13,0.03570817953938223,0.27221715875088043,0.5864390820745337,0,,0.04623513870541614,0.0,2,2.157664653510793,
drinking__drinking__9e9f164b.mp4,9e9f164b-3ee4-46c1-994e-cae0555fa0bf,eval-0615,0.00627943485086347,12.81053744493392,0.21139500734214392,13.021932452276065,0.16911600587371645,1,0.004808102692000043,0.06654847702585721,0.06796919009480079,0,,0.03191489361702121,0.0,1,1.1502412667093864,0.37551880234502427
drinking__drinking__b5637a1a.mov,b5637a1a-1b3a-403e-8b8b-d11d54abe768,eval-0608,0.006097560975609744,9.403877887788777,10.804455445544555,20.208333333333332,0.10004125412541232,1,0.010476779798740487,0.09328617966612862,0.5276154306740819,0,,0.18811881188118829,0.0,2,1.1720686639036455,0.018962018811502068
drinking__drinking__c9bc5878.mov,c9bc5878-abb8-43dc-9822-4bce0dafa717,eval-0608,0.0,0.09745614035087691,6.204707602339181,6.302163742690058,0.0,0,,,,0,,0.9894366197183099,0.0,1,1.0,
drinking__drinking__d6c57474.mp4,d6c57474-223f-48b9-9c49-3aa9fe1cc765,eval-0615,0.07019328585961358,11.900543875685559,10.200466179159049,22.101010054844608,1.3000594149908586,6,0.01059950979127301,0.10130179019866868,0.27474555171023723,0,,0.10146252285191948,0.0,1,1.3233991897257578,-0.742734511753022
drinking__eating_paste__71889c3c.mp4,71889c3c-8e31-4c6b-ad7d-f7e046cff5dc,uploaded,0.0,1.3920518207282913,1.9119747899159665,3.3040266106442577,0.0,0,0.012119649568816289,0.029199356278355112,0.04816986218135017,1,1.7107142857142856,0.350840336134454,0.0,1,1.1505098154953601,
drinking__moving__00c089c8.mov,00c089c8-1972-48ad-a61f-8a56f161a721,eval-0608,0.2932862190812721,4.421005747126436,3.0011206896551723,7.422126436781609,1.5812356321839078,3,0.007253478645664021,0.020182246389800765,0.19720805820284254,0,,0.02413793103448276,0.0,1,1.0720456130176326,0.09932154464317952
drinking__moving__3369d723.mp4,3369d723-5f68-4f69-a1f4-f9b63c53ec4f,uploaded,0.0,6.090551181102362,3.7145669291338583,9.80511811023622,0.0,0,0.013851911708529131,0.05021559829414303,0.1854384105026905,0,,0.20472440944881903,0.0,1,1.1467123524936802,-0.0017090972582229132
drinking__moving__6a24c2e6.mp4,6a24c2e6-a4fb-40b8-8416-4e3044c732be,uploaded,0.0,1.3892703862660944,3.8163090128755366,5.205579399141631,0.0,0,0.016683639826760587,0.04392684737691436,0.17875171842705964,3,0.30128755364806864,0.7446351931330474,0.0,1,1.1316742467468452,
drinking__moving__7124cebe.mp4,7124cebe-f0fd-48ae-86b1-12bfd3ed2813,uploaded,0.0,0.3008086253369271,9.408625336927225,9.709433962264152,0.0,0,0.016868130906875615,0.037015670311683437,0.04052077044570914,7,5.615094339622642,0.8948787061994611,0.0,1,1.105742064925552,
drinking__moving__bf83c4cf.mp4,bf83c4cf-e675-48ac-8765-bcc528106496,uploaded,0.3454545454545457,1.0056497175141244,0.20112994350282487,1.2067796610169492,0.905084745762712,6,0.03128817549030949,0.10465678268485325,0.20559810038775933,0,,0.06779661016949141,0.0,3,1.547862484749316,
drinking__moving__d95e9eaa.mp4,d95e9eaa-3203-478b-9d0b-cfc05b7b9f2f,uploaded,0.041095890410958645,1.0010000000000003,5.7057,6.7067000000000005,0.10009999999999941,1,0.034469961716564246,0.09207325307489123,0.08108916914025423,0,,0.718146718146718,0.0,1,1.353943709680239,
drinking__moving__f4b33f32.mov,f4b33f32-8db5-46d7-a124-66a8d5287318,eval-0608,0.0,5.202203389830508,6.702838983050848,11.905042372881356,0.0,0,0.0038085754539192887,0.02394446236756742,0.07412074686155773,0,,0.12711864406779663,0.0,1,1.0967829332424066,-0.24045773282070226
drinking__na__1de074fa.mp4,1de074fa-de27-4d33-9615-46f27bb14aea,eval-0617,0.28124999999999994,1.7912004662004657,5.510073815073815,7.301274281274281,0.6994211344211347,7,0.041922097594570905,0.32740446800233525,0.5596536912407459,0,,0.028037383177570093,0.0,2,2.3999685533920467,
drinking__na__2570bc92.mp4,2570bc92-ba86-411d-bfe3-f814b8246d6d,eval-0617,0.0,1.7018155722999646,5.307642626480086,7.009458198780051,0.0,0,0.017001087149011804,0.05242024628233541,0.6036068210955113,0,,0.529094827586207,0.0,1,1.4336692386189662,
drinking__na__5eab1426.mp4,5eab1426-8dc4-4377-92b1-7f5a94c48fab,eval-0617,0.0323741007194245,2.6046732026143795,2.805032679738562,5.409705882352942,0.10017973856209217,3,0.017605264867371653,0.09141073188608861,0.09980578020922727,0,,0.08852459016393438,0.0,1,1.142979920762502,
drinking__na__92c583fa.mp4,92c583fa-7a9f-4375-a45e-1ce01e858c8e,eval-0617,0.0,5.416531249999999,0.20210937499999998,5.618640624999999,0.0,0,0.008452713437829695,0.03847083520541051,0.1725406221452335,2,5.618640624999999,0.01567398119122257,0.0,1,1.2148507134016524,1.9301207276164507
drinking__na__a336fa20.mp4,a336fa20-e9fd-493d-b19d-639f525442ac,eval-0617,0.0,6.00188630490956,9.412428940568477,15.414315245478036,0.0,0,0.010112101060334487,0.05460416757542482,0.20182445833598797,2,7.205607235142119,0.052376333656644083,0.0,1,1.272456903366882,0.22329050040179343
drinking__na__af6fc476.mp4,af6fc476-e530-4791-878c-aba6219a1284,eval-0617,0.2908163265306124,1.9963902439024392,0.21014634146341465,2.206536585365854,0.8931219512195123,5,0.020939025317708745,0.17971077151162576,0.049351399248188786,0,,0.03921568627450981,0.0,3,1.9094598243982257,
drinking__na__c30671fb.mp4,c30671fb-cdec-4558-ab7f-761ddfb69dbc,eval-0617,0.0,7.70896680691912,6.909366526414212,14.618333333333332,0.0,0,0.003982790861245583,0.030880933129266253,0.6562546263826182,0,,0.02103786816269287,0.0,2,1.180795947320217,0.5942321953797636
eating_paste__eating_paste__2c5c4fc6.mov,2c5c4fc6-afa7-44d8-8a75-66cf3d9184a4,eval-0608,0.1255060728744939,1.600603773584906,5.201962264150944,6.80256603773585,0.20007547169811257,10,0.04180018202132047,0.2645623214280841,0.42165775972641767,2,3.501320754716981,0.045283018867924456,0.0,2,5.56250895294478,
eating_paste__eating_paste__5a907d7b.mp4,5a907d7b-9a9e-4f20-a3a4-5b808741188b,uploaded,0.09722222222222213,1.0999999999999996,4.4,5.5,0.20000000000000018,5,0.029165446655994597,0.180446883147999,0.13911668773581756,0,,0.3846153846153846,0.0,1,1.9028796590019763,
eating_paste__eating_paste__5e46192e.mov,5e46192e-d0b9-499d-849e-d026cfd0cab1,eval-0608,0.013289036544850493,3.9107212475633535,3.7151851851851854,7.625906432748539,0.11173489278752435,1,0.01692900418057755,0.12849882769253132,0.06185162781193386,3,0.7262768031189084,0.07669616519174038,0.0,1,1.4516505793873784,-0.04136080136416687
eating_paste__eating_paste__6ecd693c.mp4,6ecd693c-9534-4c57-ab62-6dbd7104490e,uploaded,0.05955334987593052,3.5,2.0,5.5,0.20000000000000107,6,0.017673015690236035,0.10980035815141774,0.21812978299812788,0,,0.10643015521064318,0.0,1,1.3147668294830974,0.5226906538009644
eating_paste__eating_paste__7f4dbdcc.mp4,7f4dbdcc-7b05-42d3-a4a7-4923f2f4de57,uploaded,0.029850746268656695,2.0999999999999996,9.0,11.1,0.09999999999999998,2,0.019080017772713558,0.13452052625063737,0.04160768636030503,0,,0.3982035928143713,0.0,1,1.1145831139635343,
eating_paste__eating_paste__8329c627.mov,8329c627-d894-49fd-97cc-d6ed9cdc4dd6,eval-0608,0.0,0.3832188295165393,2.122442748091603,2.505661577608142,0.0,0,0.01163174759838606,0.022744013768089204,0.025599888838115672,0,,0.8854961832061069,0.0,1,1.0840151033417635,
eating_paste__eating_paste__bae3a9e3.mov,bae3a9e3-d3b5-4edd-8f24-28921e5ed975,eval-0608,0.38735177865612636,2.5,0.2,2.7,2.6999999999999993,25,0.031173570327640288,0.2767296107048058,0.18079298058390716,2,9.8,0.019230769230769256,0.0,2,5.044124224143394,
eating_paste__eating_paste__c33da2d9.mov,c33da2d9-5348-4b8e-b625-737ce9a2c44b,eval-0608,0.1657458563535913,1.6071111111111116,2.8124444444444445,4.419555555555556,0.20088888888888912,7,0.04271079033884179,0.19109173540375515,0.5024507022286734,14,0.10044444444444445,0.17777777777777767,0.0,2,2.080616210034396,
eating_paste__eating_paste__c711cce8.mp4,c711cce8-9bcb-4b27-a8ba-90d31160b07a,uploaded,0.15367483296213805,4.3,0.2,4.5,0.5,15,0.03043444804896477,0.24281384213685547,0.44945500113329007,2,4.5,0.013015184381778741,0.0,3,2.1031979685084687,-0.008082478117950138
eating_paste__eating_paste__ce6643fc.mov,ce6643fc-c602-49db-a9cb-22be1f9c710b,eval-0608,0.18872549019607848,2.7115209537572227,17.20413294797688,19.915653901734103,1.1843424855491331,27,0.025157768555339067,0.30851176142400377,0.1186038016308883,0,,0.11560693641618497,0.0,3,2.294624148707176,
eating_paste__eating_paste__f3154209.mov,f3154209-991c-44b2-81c3-9d8369538731,eval-0608,0.06756756756756734,1.5999999999999996,4.9,6.5,0.1999999999999993,4,0.010766158290660698,0.10612093912133481,0.04358119476929878,0,,0.33532934131736536,0.0,1,1.1369524552008787,
eating_paste__moving__0dbc54a8.mp4,0dbc54a8-be3d-43c5-a13e-8732b36b1c0c,cam-motion,0.17377398720682288,19.016968987712115,0.23405500292568754,19.2510239906378,1.813926272674081,31,0.01688851169367127,0.45082384051851937,0.22161173322842448,0,,0.08487804878048782,0.0,3,8.685232899260786,0.014775038696825504
eating_paste__moving__165f593f.mov,165f593f-a36a-4fc5-b533-e798c37951aa,eval-0608,,0.0,,,0.0,0,,,,1,3.0,0.9677419354838709,0.0,0,1.0,
eating_paste__moving__1ef6f35c.mp4,1ef6f35c-027f-489a-9160-45565bd5b610,uploaded,0.0,4.1,0.2,4.3,0.0,0,0.004717798721682069,0.01369877291534832,0.04734627109923293,0,,0.6132075471698113,0.0,1,1.0561156229093864,0.4858611883962998
eating_paste__moving__3abc83bc.mov,3abc83bc-8f3b-42a1-a84c-a17e1eada45c,eval-0608,0.030401737242128152,8.405163674762408,0.21369060190073916,8.618854276663146,0.18994720168954515,5,0.009975131814677398,0.14270357094639907,0.05534210371741039,0,,0.027455121436113835,0.0,2,1.3676397491590655,0.5877524215289635
eating_paste__moving__6ae2b999.mov,6ae2b999-e686-4b14-88bc-ae6a73220a22,eval-0608,0.0,3.8913142174432496,2.2236081242532855,6.114922341696535,0.0,0,0.012684966080752206,0.04231832823736376,0.05730557302926809,0,,0.07885304659498213,0.0,1,1.133650598085252,0.31424793088117137
eating_paste__moving__8f186154.mp4,8f186154-42b0-4c83-a528-f5b39079562e,cam-motion,0.12266112266112282,11.410181392627265,33.937975424224696,45.34815681685196,1.813926272674081,24,0.012772498888375452,0.3039476986448303,0.12180048072636344,0,,0.06237816764132561,0.0,4,4.1527251647756955,0.2307664155960083
eating_paste__na__01ca6f86.mp4,01ca6f86-6a5b-4a96-ab72-6b74d36f364d,eval-0617,0.0,12.284973297730309,0.20002670226969294,12.485000000000001,0.0,0,0.0059136228414526084,0.0238666772808044,0.018313851074527703,0,,0.016021361815754337,0.0,1,1.0698871703651889,0.0943455905494115
eating_paste__na__42c50d2b.mp4,42c50d2b-8c25-44b1-a7ba-8ae385b876fd,eval-0617,0.24693042291950887,3.083684210526316,0.2188421052631579,3.3025263157894735,0.7957894736842106,9,0.016496991836673917,0.1226363266834879,0.06313260986179499,3,3.3025263157894735,0.014492753623188406,0.0,1,1.336166185925498,4.079039663690736
eating_prey__eating_prey__3ee98f36.mov,3ee98f36-19d1-46ec-bde5-f4008db00c5e,eval-0608,0.0741324921135647,1.7945833333333336,5.712335680751173,7.506919014084507,0.6824471830985921,5,0.014827119911012775,0.36666473305261943,0.16512958733581581,20,1.4154460093896712,0.16197183098591525,0.0,1,1.5110597595415325,
eating_prey__eating_prey__5d52f088.mp4,5d52f088-86a7-4c0f-86c9-bc7e6a1f0361,uploaded,0.2737094837935175,2.3023541453428864,0.2002047082906858,2.5025588536335723,0.7007164790174016,17,0.024839012109313132,0.24126400655373145,0.11409276726458803,1,15.415762538382806,0.14124872057318327,0.0,3,1.5575745844919164,
eating_prey__eating_prey__7b9d6d42.mov,7b9d6d42-862e-4855-b159-89e2b598cd37,eval-0608,0.0,1.10756264236902,8.412201974183752,9.519764616552772,0.0,0,0.025746942366854604,0.08380089418066818,0.30189500905857963,30,0.42192862566438877,0.18009478672985782,0.0,1,1.5285286313724298,
eating_prey__eating_prey__866623dc.mov,866623dc-65f7-439f-b39d-644dc4e2031e,eval-0608,0.3667621776504298,1.4971544715447154,6.015838876570584,7.512993348115299,2.2049002217294893,14,0.048577672254501846,0.27855894483792204,0.082267657949182,23,0.10888396156688838,0.02483069977426633,0.0,3,1.6258350008557942,
eating_prey__eating_prey__8dcf1496.mp4,8dcf1496-2f62-4d45-9c6e-724996b88fb3,uploaded,0.0,0.806015037593985,1.2090225563909776,2.0150375939849625,0.0,0,0.02599616307974949,0.07996660067816384,0.25995961414314794,2,2.216541353383459,0.49373433583959875,0.0,2,1.193290755417049,
eating_prey__eating_prey__9677f91a.mov,9677f91a-e68f-4bb7-947a-85c84ec09fda,eval-0608,0.14189189189189189,1.1943249999999996,2.5334166666666667,3.7277416666666663,0.39810833333333306,3,0.033580821877630646,0.24549744264283033,0.11080038008686481,4,0.7238333333333333,0.09090909090909091,0.0,2,2.210113144297369,
eating_prey__eating_prey__9cb5ffab.mov,9cb5ffab-90dc-4732-8cf0-07f4154bf7b1,eval-0608,0.2145862552594672,2.7997357723577228,12.80941056910569,15.609146341463413,1.0158333333333331,17,0.039845480775038154,0.3030034375559111,0.17905523289971043,15,6.912621951219512,0.0560975609756097,0.0,3,3.525274882759328,
eating_prey__eating_prey__ba91ec72.mov,ba91ec72-e090-4c7f-9a09-b88426ed8be8,eval-0608,0.17647058823529418,7.596100368324126,0.22820902394106815,7.824309392265194,2.6081031307550635,4,0.006061377353233434,0.14539930058498252,0.19709274886618977,0,,0.10526315789473661,0.0,2,1.7691292361877657,0.2548946365714073
eating_prey__eating_prey__caf661e0.mov,caf661e0-37bc-4abc-8c02-d12ac500ecb3,eval-0608,0.20815450643776795,2.0522755013077614,25.922194129613484,27.974469630921245,1.4170473699505948,18,0.024973993930250495,0.18559634402773142,0.2496515326166968,29,4.617619877942459,0.08122270742358068,0.0,2,2.0346167087440064,
eating_prey__eating_prey__e361d6a3.mov,e361d6a3-c13b-4c79-a72f-9653a9ba0974,eval-0608,0.0,0.09999007936507986,15.831762566137565,15.931752645502645,0.0,0,,,0.0039018177373099385,0,,0.9761904761904763,0.0,1,1.0,
eating_prey__moving__26c75091.mp4,26c75091-25b9-4f5e-bb63-bf793ec15cc2,uploaded,0.0,2.1999999999999993,13.4,15.6,0.0,0,0.011451397964174334,0.05148892197650065,0.12022057960132977,0,,0.8321243523316062,0.0,1,1.3081615237202067,
eating_prey__moving__2d495ee3.mp4,2d495ee3-8eb0-4936-a070-9a676a78152f,uploaded,0.07386363636363633,0.9068403908794788,0.21889250814332248,1.1257328990228013,0.2188925081433224,3,0.03290078964207916,0.35763994902717905,0.18910096830295992,7,2.720521172638436,0.35504885993485347,0.0,3,1.6410965756319322,
eating_prey__moving__3ab3bce6.mov,3ab3bce6-fe2e-4c16-9f15-5cb38e4d4ac2,eval-0608,0.41025641025640996,1.907684918347743,2.8070220941402497,4.714707012487993,1.0901056676272816,8,0.016168023202247805,0.05913944920305476,0.06762232148879184,17,0.32703170028818446,0.023391812865497078,0.0,1,1.2065728527532291,
eating_prey__moving__496d4ef4.mp4,496d4ef4-9007-4064-8b63-61d23c698a4f,uploaded,0.0,0.32321772639691737,4.201830443159922,4.52504816955684,0.0,0,0.032575089147404805,0.06651762333461508,0.04089906689019595,5,4.0255298651252405,0.8265895953757224,0.0,1,1.3474828024281502,
eating_prey__moving__55c7c58f.mp4,55c7c58f-5d68-46b5-b8ca-76caba126308,uploaded,0.24421593830334187,3.6086274509803924,3.4072156862745095,7.015843137254902,1.393098039215686,2,0.019180900872294484,0.24456597841011035,0.20458540866766678,2,1.0070588235294118,0.056470588235294154,0.0,1,1.595318327675393,-3.1377450898703123
eating_prey__moving__b9181603.mov,b9181603-24cb-4326-bc9f-739553f0403a,eval-0608,0.011257035647279687,10.371433158201985,5.529249854057209,15.900683012259194,0.19630472854641212,1,0.01326582049865639,0.139491795430885,0.04464527955957259,0,,0.06654991243432595,0.0,2,1.720959484646675,-0.055703176432561535
eating_prey__moving__b9656d30.mp4,b9656d30-09c2-4ff7-8729-63a18ed8d208,uploaded,0.2164544564152789,4.287435897435898,31.316923076923075,35.60435897435897,1.801965811965811,14,0.030211300899208288,0.31902365678331507,0.5557903128646118,31,1.926239316239316,0.28141025641025647,0.0,4,2.0478630114440604,0.7091933770270383
eating_prey__moving__c006c954.mp4,c006c954-3a92-4070-b217-f94ac50226e5,eval-0608,0.06818181818181819,10.083333333333334,12.833333333333334,22.916666666666668,1.0000000000000002,5,0.017693281759805432,0.3152281345417582,0.21269041428966493,7,0.125,0.059199999999999926,0.0,2,1.6693782415506548,-0.16430422365055442
eating_prey__moving__cc9463c9.mp4,cc9463c9-caac-4fe9-a616-1074a926890b,uploaded,0.3149010477299182,6.898305084745765,17.915254237288135,24.8135593220339,2.898305084745763,17,0.019997492044324477,0.20029044113211014,0.46055136293194016,3,6.203389830508475,0.023072594259988834,0.0,2,2.7580730804022626,-0.24865417608489687
eating_prey__moving__d70cebe1.mp4,d70cebe1-5196-4dd0-86d9-c60ec7e440d4,uploaded,0.05042016806722689,1.4942748091603053,0.20610687022900764,1.700381679389313,0.10305343511450382,1,0.01966852489925448,0.08695320680949441,0.20073430507694043,0,,0.0916030534351145,0.0,1,1.1341575315677912,
eating_prey__moving__dfcf1099.mp4,dfcf1099-f510-4b10-be15-5802e4c5670b,uploaded,0.24946695095948826,4.504429133858267,5.405314960629921,9.909744094488188,2.40236220472441,5,0.019185598664772766,0.16397340991506368,0.23226966559874254,9,11.311122047244094,0.023622047244094477,0.0,2,1.9258073617112452,-0.2349560260772705
eating_prey__shedding__9e321296.mp4,9e321296-7a2a-43c8-94a9-c02245f632e8,uploaded,0.08366533864541845,3.9069241982507297,5.618221574344023,9.525145772594753,0.7749271137026237,2,0.011663785665014435,0.03927530825151931,0.07102510549871789,9,0.1291545189504373,0.2274052478134112,0.0,1,1.169417166302924,1.1271389484505763
hand_feeding__eating_paste__69c4badd.mp4,69c4badd-9703-431d-9770-021cc9a38e96,uploaded,0.0,0.6911517925247903,2.714035087719298,3.4051868802440883,0.0,0,0.016175189612061252,0.025838681810374655,0.050641463283416586,4,2.5117467581998474,0.7070938215102974,0.0,1,1.0873217406148676,
hand_feeding__hand_feeding__0d78637c.mov,0d78637c-7977-48c1-a6a2-f30a22e645ed,eval-0608,0.0,5.500000000000001,4.3,9.8,0.0,0,0.011085787000245687,0.06800993103689923,0.14561485820146347,1,4.2,0.13636363636363635,0.0,1,1.2275262153210145,0.9325482894486575
hand_feeding__hand_feeding__16b1a2b7.mov,16b1a2b7-f2e0-4d39-8844-f93ae189e82c,eval-0608,0.0,0.20008565310492443,10.204368308351178,10.404453961456102,0.0,0,0.03832990911104593,0.07823636079925304,1.0929734608377477,7,2.4010278372591007,0.9122055674518204,0.0,1,1.5848285390192554,
hand_feeding__hand_feeding__1b3627ee.mov,1b3627ee-fabc-45aa-8aed-5432b5928c55,eval-0608,0.10328638497652586,8.5,5.1,13.6,1.200000000000001,2,0.008315216130968384,0.05955632006384145,0.2132486399837674,1,3.8,0.027272727272727063,0.0,1,1.2534063174381729,0.2839689027353115
hand_feeding__hand_feeding__35417252.mov,35417252-d3c2-4abe-8b9d-1bc0b971c279,eval-0608,0.16624685138539033,1.8998347826086963,11.632321739130434,13.53215652173913,0.29997391304347865,15,0.04089893735433377,0.2062087263236395,0.6105788180699526,20,4.832913043478261,0.2052173913043478,0.0,2,2.8935709232504614,
hand_feeding__hand_feeding__41aecaea.mp4,41aecaea-d352-49cf-926e-315d72173845,uploaded,0.01546391752577314,2.900000000000002,17.4,20.3,0.1999999999999993,2,0.015180812218852471,0.10647293857824137,0.21764167816987218,2,3.7,0.10909090909090904,0.0,1,1.340933458984784,
hand_feeding__hand_feeding__49458257.mp4,49458257-bf79-4a8b-9048-7b5742348267,uploaded,0.4061538461538458,2.291666666666668,22.208333333333332,24.5,2.833333333333332,5,0.022261063323639054,0.26618255879273733,0.6357893894612163,2,5.125,0.5803571428571427,0.0,2,8.365710499275831,
hand_feeding__hand_feeding__922f4cf5.mov,922f4cf5-69d9-44c2-979f-36591993b2d3,eval-0608,0.0,8.233333333333334,0.2,8.433333333333334,0.0,0,0.008122181873877733,0.04245291727129386,0.03619031024241925,0,,0.023715415019762848,0.0,1,1.1709020195827395,0.8730302678288233
hand_feeding__hand_feeding__93fbbfec.mov,93fbbfec-f6b6-4d92-b9f4-08c01faf97a9,eval-0608,0.1973684210526315,3.499786845310597,8.432819732034105,11.932606577344702,0.699957369062119,20,0.030036604194928637,0.3173597191883967,0.5939367131156198,18,1.7332277710109623,0.10109622411693032,0.0,3,3.1542176820149583,0.22217899933187668
hand_feeding__hand_feeding__9af1ba2e.mp4,9af1ba2e-44ed-4cdd-bffc-b9deae35f5b6,uploaded,0.2447552447552447,1.9000000000000004,13.0,14.9,1.5,8,0.03574207206561849,0.41566186027830154,0.13888611229688752,41,1.4,0.5544794188861978,0.0,2,4.073242984650746,
hand_feeding__hand_feeding__a6512b97.mov,a6512b97-778f-46ae-a1bf-a008a91f9aaa,eval-0608,0.17897727272727268,3.133333333333333,9.5,12.633333333333333,1.9000000000000001,2,0.013277801947190464,0.0781016759117567,0.17827834135558138,5,0.2,0.031662269129287546,0.0,2,1.2520988046010473,-0.37163333571753004
hand_feeding__hand_feeding__acc2beed.mov,acc2beed-29ec-4a11-afbf-d1706561612b,eval-0608,0.0636292223095051,12.199057915057915,12.93233462033462,25.131392535392536,0.5999536679536703,16,0.014078691860465127,0.3668021468679966,0.158651947190277,2,2.333153153153153,0.012355212355212362,0.0,3,1.2967872843408619,0.05007071898381786
hand_feeding__hand_feeding__b8317750.mp4,b8317750-625b-4020-9376-58b0a6c10c2a,uploaded,0.2788461538461541,1.5,38.2,39.7,1.6999999999999993,48,0.04716909579130068,0.43825805469159046,0.14225346214541418,27,1.6,0.24765100671140977,0.0,2,6.925984908822977,
hand_feeding__hand_feeding__c0538fec.mov,c0538fec-80c7-4371-879e-0f63c7435a1d,eval-0608,0.1221719457013574,3.0998170011806394,14.732463597009051,17.83228059818969,1.0999350649350639,7,0.022113917263751563,0.13909391927345666,0.3263402031395883,28,0.1333254624163715,0.11806375442739069,0.0,2,2.3202544156100453,-0.9774276455453272
hand_feeding__hand_feeding__c6f22144.mp4,c6f22144-c16c-4b22-99e9-837cebdf085d,uploaded,0.1935483870967743,1.6058076225045372,6.908318209316395,8.514125831820932,0.4014519056261343,6,0.04925700785113929,0.30780708369377047,0.8848661340240416,18,0.9032667876588022,0.12885662431941944,0.0,2,2.725510503340928,
hand_feeding__hand_feeding__c928b6ff.mp4,c928b6ff-9d30-4c25-a5c8-10b8de25ecb8,uploaded,0.1700879765395893,2.2014874915483453,16.811359026369168,19.012846517917513,0.30020283975659234,22,0.04554150502532603,0.31670984192744084,0.285069147746849,0,,0.3083164300202839,0.0,2,3.0640814004630905,
hand_feeding__hand_feeding__cc0c1d04.mp4,cc0c1d04-0a27-4941-985f-4db3bc407b38,uploaded,0.1285714285714289,1.200000000000001,8.1,9.3,0.40000000000000036,7,0.0388365175247262,0.24712569024644257,0.11232074613957022,0,,0.23076923076923075,0.0,2,1.4865948703384362,
hand_feeding__hand_feeding__cd2365f5.mov,cd2365f5-1f27-4490-a94d-977597a4097b,eval-0608,0.03398058252427187,15.000000000000002,5.9,20.900000000000002,0.3999999999999999,3,0.005987558808925854,0.03077132223650288,0.45968298389218176,1,0.1,0.00956937799043062,0.0,2,1.0946692859421667,0.05693002426672514
hand_feeding__hand_feeding__dbdd4378.mp4,dbdd4378-8105-418c-ab19-cf296af88951,uploaded,0.3,2.1000000000000014,20.5,22.6,1.1999999999999993,47,0.04154080000172865,0.3256455618756657,0.08656944207905536,11,23.0,0.08055555555555566,0.0,2,2.9666847643780856,
hand_feeding__hand_feeding__e784eb65.mp4,e784eb65-f340-4c13-8e25-7c3bc1b8d588,uploaded,0.4608355091383811,1.2039823008849577,13.912684365781711,15.116666666666669,2.7925700589970495,14,0.03537857118084658,0.19930804884119194,0.343639949415264,18,10.200405604719764,0.0331858407079646,0.0,2,2.1828040010737473,
hand_feeding__moving__219014f2.mov,219014f2-5cac-458c-a5c4-e563819550aa,eval-0608,0.2991452991452991,3.701554621848741,8.20344537815126,11.905000000000001,2.401008403361345,4,0.007828932282570637,0.03817534659976312,0.03967176025371216,0,,0.01680672268907563,0.0,1,1.0964601286670712,-0.013696366219727238
hand_feeding__moving__27c5b14f.mp4,27c5b14f-05f8-41ec-b26d-527d84ebbfb4,uploaded,0.0,6.039366666666667,0.20020000000000002,6.239566666666667,0.0,0,0.005878063658831315,0.019171735147407262,0.12292805401267388,0,,0.03208556149732621,0.0,1,1.0419801747948925,0.15046097808457598
hand_feeding__moving__5cfe1d48.mp4,5cfe1d48-5f7c-40ff-836e-e6cbe58f2eac,uploaded,0.234009360374415,0.7999999999999998,4.9,5.7,0.2999999999999998,17,0.07866332611667824,0.31987638040908456,0.21562206817338797,20,1.1,0.21139896373056993,0.0,2,1.6410235286222137,
hand_feeding__moving__c35591c8.mov,c35591c8-ee76-4ec1-bc8d-81ac17515744,eval-0608,0.6535433070866142,0.9998803827751193,12.931786283891547,13.931666666666667,3.59956937799043,18,0.06148707759097139,0.8950770272321179,0.1693898140861229,11,0.13331738437001595,0.009569377990430622,0.0,2,6.2508040814030545,
hand_feeding__moving__c3fb52f7.mov,c3fb52f7-94fe-403f-acf7-d61c96321ae4,eval-0608,0.16236162361623607,4.7996470588235285,7.132808823529412,11.93245588235294,0.5999558823529405,26,0.04617816249734314,0.3146107672795113,0.39115761178810227,2,44.43006617647059,0.3977941176470585,0.0,2,4.58515166022073,-0.3986495068505608
hand_feeding__moving__ce5fee73.mp4,ce5fee73-9f8f-4083-820d-15e1c04af6b9,uploaded,0.32478632478632485,3.9039,8.008000000000001,11.911900000000001,3.5035,2,0.007237403559086166,0.03757262786607094,0.07513408812656386,0,,0.01680672268907563,0.0,1,1.133046951277395,-0.04466549185457333
hand_feeding__moving__e0e38e0c.mp4,e0e38e0c-b25b-466e-973d-5fb878284e9f,uploaded,0.13609467455621288,0.606451612903226,1.7014336917562722,2.3078853046594983,0.2021505376344086,3,0.05080001649233912,0.25756165801447206,0.2445067892972582,28,0.1010752688172043,0.0967741935483871,0.0,2,2.1377509153624983,
hand_feeding__moving__ea36897b.mp4,ea36897b-56c7-4b7b-a6f7-318d3be8e6de,uploaded,0.29052258635961004,3.125,33.708333333333336,36.833333333333336,2.2083333333333357,40,0.02797980534497259,0.20959625499356935,0.257591190620894,2,11.208333333333334,0.1894210150107221,0.0,2,1.5960210096305931,-0.03287261122013051
hand_feeding__na__5cc43bb1.mp4,5cc43bb1-be7e-4965-8a0c-0e7cb876c831,eval-0617,0.4482758620689654,0.9000000000000001,0.2,1.1,0.5999999999999999,4,0.0430302270130002,0.15386348061712962,0.47748185841879326,1,1.7,0.22077922077922074,0.0,1,2.256092573269439,
moving__drinking__48b5582e.mp4,48b5582e-912c-4678-9f67-03acc2574ff2,cam-motion,0.18300653594771285,2.586713697824811,13.756613756613755,16.343327454438565,1.2345679012345663,4,0.014647987395975427,0.19984374766504304,0.11428304979846406,0,,0.8499999999999999,0.0,1,1.535155977950833,
moving__moving__0125b0f9.mp4,0125b0f9-50fb-42bf-a622-6c9903afb865,cam-motion,0.2608695652173913,6.08543007606788,37.85839672322996,43.94382679929784,2.1064950263311886,42,0.03236596047505102,0.34061511983147613,0.24562791664909114,0,,0.26023391812865504,0.0,3,2.4666607170730512,-0.13511725515127182
moving__moving__0445f787.mp4,0445f787-2848-43f6-b307-bbd6e9c230ba,cam-motion,0.1872561768530559,6.787595084844938,36.51258045640726,43.300175541252194,1.52135751901697,38,0.02527730685191856,0.3368644242311063,0.1823386577915268,0,,0.24975609756097558,0.0,3,5.793418179334461,0.11788174510002136
moving__moving__04ec15e3.mp4,04ec15e3-3fb1-4c60-8f38-8da1f1558b6e,cam-motion,0.05663430420711969,20.18724400234055,18.724400234055004,38.91164423639555,0.5851375073142187,10,0.00789747732889085,0.23639111939531518,0.24282991110120378,0,,0.3982473222979554,0.0,3,1.8624890385583919,-0.17140500340610743
moving__moving__05da625c.mp4,05da625c-d1bc-428f-a480-83f763900940,cam-motion,0.04732510288065835,6.612053832650673,20.128730251609127,26.7407840842598,0.8191925102399065,7,0.010588887621599858,0.238233573343892,0.3480546085666308,2,3.9204212990052665,0.5233463035019453,0.0,3,1.8401111762896498,0.4375959746539593
moving__moving__0677794b.mp4,0677794b-c903-4bca-8894-9551487afdab,cam-motion,0.2126984126984129,1.7048794826572617,35.74368018812463,37.44855967078189,1.2933568489124063,12,0.018385469447010194,0.24669193019856026,0.43046330872638183,0,,0.6914789422135162,0.0,1,4.600889938724007,
moving__moving__08ec5a50.mp4,08ec5a50-209f-4903-8c4c-a0af600982c3,uploaded,0.491379310344828,1.8333333333333321,22.1,23.933333333333334,6.1000000000000005,23,0.03707763130327607,0.3221858405001599,0.48718774739764115,36,0.7,0.041782729805014004,0.0,4,2.5688982318732942,
moving__moving__09bc2ee4.mp4,09bc2ee4-5db0-4bc7-8299-34ea43c04ac3,cam-motion,0.18307426597581997,6.553540081919252,35.75190169689877,42.30544177881802,1.2287887653598588,38,0.035064763491995256,0.3550627272376884,0.22899361484070105,0,,0.4351219512195122,0.0,4,3.1139554476648055,0.027259748429059982
moving__moving__0ce3cc59.mp4,0ce3cc59-5434-442c-8c52-4f3258d16ba0,cam-motion,0.005110732538330471,11.227457824316467,48.74927283304246,59.97673065735893,0.11634671320535261,2,0.0023273782391820034,0.2603449279095961,0.07365287879272824,0,,0.4306498545101843,0.0,1,1.810480296577648,-0.014543989673256874
moving__moving__1334b95c.mp4,1334b95c-306e-49d7-9ea0-fa3e38cde9e4,cam-motion,0.08976377952755908,8.367466354593326,51.609128145114106,59.97659449970743,0.5851375073142151,20,0.01286596367361813,0.24861265118943626,0.22696075410103927,0,,0.38048780487804895,0.0,3,1.8238353436645809,0.0796930193901062
moving__moving__135a2e58.mp4,135a2e58-0115-42e1-b780-86d6e66b10ff,cam-motion,0.15606242496998812,11.117612638970158,40.43300175541252,51.55061439438268,2.8086600351082467,17,0.011025464647629142,0.33750878162824616,0.22673972691315655,0,,0.18731707317073185,0.0,2,4.082398981607514,-0.03634313773363829
moving__moving__179fcb85.mp4,179fcb85-3018-424b-a99b-4d831443cd3e,cam-motion,0.007228915662650426,7.732558139534888,50.406976744186046,58.139534883720934,0.11627906976744029,2,0.004890603086860033,0.10905049036973308,0.16149166499882653,0,,0.5978682170542632,0.0,2,1.8352063307727497,-0.011368978768587112
moving__moving__1c24de41.mp4,1c24de41-b5c8-4752-b594-d7658967569c,cam-motion,0.16219512195121966,9.537741369221767,23.815096547688707,33.352837916910474,2.399063779988296,16,0.01417282259253943,0.43797123416088274,0.14935252943836766,0,,0.20077972709551647,0.0,4,2.952723499465414,0.045479923486709595
moving__moving__1cd320c4.mp4,1cd320c4-746d-4b03-b841-1e819170906d,cam-motion,0.09793814432989678,2.939447383891828,10.111699000587889,13.051146384479717,0.5878894767783649,6,0.02297750292025135,0.2403126814075157,0.2837767109932641,0,,0.8103616813294234,0.0,2,2.0889677787693395,
moving__moving__2420abd8.mp4,2420abd8-9dad-4de1-bd1e-6f68b8f62dcf,cam-motion,0.2429906542056076,4.505558806319485,13.34113516676419,17.846693973083674,2.9842012873025183,33,0.019820216221102426,0.36445371322683745,0.2525340143571253,0,,0.1665043816942551,0.0,3,5.861168134434399,0.004904892295598984
moving__moving__24b99803.mp4,24b99803-1999-47c0-b697-275a54812023,cam-motion,0.05766526019690562,9.186658864833237,5.149210064365126,14.335868929198362,0.5851375073142222,15,0.01302280839600714,0.32114510234066795,0.15420256606414087,0,,0.306341463414634,0.0,3,3.53109431155883,0.15719273686408997
moving__moving__29d15a4c.mp4,29d15a4c-e913-4799-9be5-64144979508e,cam-motion,0.0,15.823152995927863,34.6131471785922,50.43630017452006,0.0,0,0.0030117456489756676,0.17720396620289638,0.07583944234166486,1,22.338568935427574,0.4356243949661181,0.0,1,2.0694155425603897,-0.009240228682756424
moving__moving__30580831.mp4,30580831-1898-4e9d-8eed-33004565d529,cam-motion,0.01610017889087654,22.397660818713447,33.33333333333333,55.730994152046776,0.23391812865497208,3,0.004709773013222847,0.10744845594232126,0.12017406973205104,0,,0.4551656920077974,0.0,2,1.3202369813721944,-0.004772350192070007
moving__moving__332b93ce.mp4,332b93ce-624e-4dc5-b434-3bc9b68ab75a,cam-motion,0.005285412262156414,40.60500290866783,13.612565445026178,54.217568353694006,0.11634671320535261,3,0.001510627808849263,0.1979634136728037,0.03921378598757367,0,,0.08244422890397679,0.0,2,1.6454935518048737,-0.011484116315841675
moving__moving__377567ac.mp4,377567ac-bf54-4f42-80cf-279bbc4a7095,cam-motion,0.186495176848875,2.280701754385966,48.83040935672514,51.11111111111111,0.877192982456144,15,0.030900684109838303,0.49957199713139516,0.3331927467287723,0,,0.6968810916179337,0.0,2,7.0500826362218305,
moving__moving__379e97a3.mp4,379e97a3-7eaa-4fc2-bddc-bf4297cb1c46,cam-motion,0.18639798488664983,5.792861322410765,54.24224692802809,60.03510825043885,2.106495026331187,12,0.025465601563410056,0.32378576708101964,0.1975441442027898,0,,0.6130604288499025,0.0,3,3.165745505816329,0.07406392320990562
moving__moving__3e51c7ed.mp4,3e51c7ed-7138-4198-b026-8aa6a7465b83,cam-motion,0.28486055776892405,6.290417401528515,40.035273368606695,46.32569077013521,1.8812463256907694,20,0.015388834713664812,0.2628729749074841,0.3521623296769708,0,,0.5083251714005876,0.0,1,2.337583940582561,0.0
moving__moving__458e8aa7.mp4,458e8aa7-aaa4-4dd9-999c-02258148e881,cam-motion,0.20761245674740456,6.553540081919251,0.7021650087770626,7.255705090696313,1.6968987712112344,35,0.018519455781196736,0.27491105221959977,0.31988796057493596,0,,0.15414634146341466,0.0,3,2.2303255820253285,0.009935609996318817
moving__moving__49d008eb.mp4,49d008eb-0fdf-42e4-9e0d-05a5aa2bbf6c,cam-motion,0.04079382579933844,33.820947922761846,26.214160327677003,60.03510825043885,0.7021650087770623,11,0.00858454161492577,0.27795197325229526,0.18033754696882587,0,,0.11598440545808977,0.0,3,2.313362593464292,-0.007084609940648079
moving__moving__4b6bb29b.mp4,4b6bb29b-7947-4fd3-b8c4-a497a7a13d1e,cam-motion,0.019607843137254777,5.090696313633707,37.15623171445289,42.2469280280866,0.23405500292568604,3,0.00965537404077965,0.35032000101493704,0.45668680304672454,0,,0.652046783625731,0.0,3,2.6055999502787763,0.07214614748954773
moving__moving__5477a71a.mp4,5477a71a-cfca-47c3-97f0-500b68068b01,uploaded,0.28346456692913385,2.8056049822064058,5.010008896797153,7.815613879003559,1.903803380782918,14,0.04720241114186796,0.2854523619061019,1.2951608522995097,25,2.5050044483985765,0.5951957295373667,0.0,2,2.8816985232319436,
moving__moving__65b57205.mp4,65b57205-599f-4021-86fb-3edd2fdb9d14,cam-motion,0.0,7.606787595084844,14.628437682855472,22.235225277940316,0.0,0,0.006880249558702651,0.07029488760916155,0.17026851676136126,0,,0.2634146341463415,0.0,2,1.2232373209918148,0.06382596492767334
moving__moving__66e7faf4.mp4,66e7faf4-3754-46aa-b15a-3b66ed2d661d,cam-motion,0.06153846153846138,8.191925102399063,0.23405500292568754,8.42598010532475,0.5851375073142187,10,0.011349322812195839,0.2445237385485204,0.18132436485851555,2,34.05500292568754,0.3625730994152047,0.0,3,2.423680936557939,0.026874542236328125
moving__moving__6a64714b.mp4,6a64714b-7f4b-45ca-bf05-dfdb26640f25,cam-motion,0.025139664804469358,7.906976744186046,50.23255813953489,58.139534883720934,0.23255813953488413,3,0.008002423600041407,0.3353773605168306,0.08846751399209213,0,,0.6531007751937985,0.0,2,3.106834765115496,0.015144231729209423
moving__moving__6eaea082.mp4,6eaea082-f754-4425-a2fb-7dd4b8d86831,cam-motion,0.14237855946398692,4.2715038033937915,50.55588063194851,54.8273844353423,1.2873025160912803,24,0.02332708341855955,0.43960647054704227,0.2790529912025564,0,,0.4181286549707602,0.0,3,2.1747767537391063,0.0569172278046608
moving__moving__70093109.mp4,70093109-df79-4578-bf40-df559df3f215,uploaded,0.0,1.2,0.3,1.5,0.0,0,0.041824539016394095,0.32596055723447115,0.22112158934312254,1,1.5,0.4714285714285714,0.0,2,6.978045318667981,
moving__moving__76a24e8b.mp4,76a24e8b-7d02-42d5-b95b-ce43e98b43f2,cam-motion,0.08252427184466012,4.363001745200698,55.90459569517161,60.267597440372306,0.9889470622454866,11,0.009496300216725685,0.32428742819584067,0.25918906685515275,0,,0.40347490347490356,0.0,3,4.183789293423716,-0.01242141891270876
moving__moving__78d6736e.mp4,78d6736e-5509-4d6d-ad68-3f6a586a8c8d,cam-motion,0.12919254658385101,12.40491515506144,0.23405500292568754,12.638970157987128,2.9256875365710897,20,0.01581930096870573,0.47137279101445856,0.36420575400914756,0,,0.21539961013645267,0.0,3,10.95948135046481,-0.03542497754096985
moving__moving__7e9a5287.mp4,7e9a5287-1dd4-4d8c-b4bc-39a75687dfd6,cam-motion,0.2249173098125686,8.250438853130484,14.101813926272674,22.35225277940316,2.9842012873025183,25,0.012400530075868695,0.260706512156852,0.18517447783360153,0,,0.11598440545808962,0.0,3,1.7648553039232124,-0.040629077702760696
moving__moving__7edc9563.mp4,7edc9563-0c8e-48b2-b68c-025f2bf40023,cam-motion,0.07326732673267332,12.093023255813954,27.209302325581397,39.30232558139535,0.5232558139534902,12,0.015042965482778118,0.41401709317068797,0.12238591138746734,0,,0.5106589147286822,0.0,3,9.933933697919844,0.032734304666519165
moving__moving__7fd6e644.mp4,7fd6e644-6d76-4c60-b8a7-4e43abe1ab50,cam-motion,0.0,48.28388598022105,0.23269342641070387,48.516579406631756,0.0,0,0.0007720557004280806,0.0391439267785919,0.010217776139698848,0,,0.18120155038759692,0.0,1,1.092710584959006,-0.0075546745210886
moving__moving__82333b9d.mp4,82333b9d-fbb3-4c93-8cbb-bd76c4f65939,cam-motion,0.12234042553191528,1.7048794826572609,4.7031158142269245,6.407995296884185,0.823045267489712,6,0.022893140541471305,0.3357654400457564,0.17686461295908906,0,,0.8156862745098037,0.0,3,3.2882650817604304,
moving__moving__8a629097.mp4,8a629097-f045-45fc-8d35-4af134ae98f7,cam-motion,0.20253164556962022,5.5002925687536575,24.049151550614393,29.54944411936805,1.6968987712112344,39,0.017111564266871885,0.30268631809927565,0.28401170240209994,0,,0.15302144249512664,0.0,3,2.944498744203839,-0.09531204029917717
moving__moving__922a1cba.mp4,922a1cba-5898-418b-85bd-5c76cd00d778,cam-motion,0.100418410041841,1.7048794826572582,28.512639623750733,30.21751910640799,0.293944738389186,11,0.033974322465776106,0.3460939486687728,0.22302866187825535,0,,0.7656862745098042,0.0,2,3.7629337731609285,
moving__moving__95502679.mp4,95502679-7220-40ac-9be8-429644415478,cam-motion,0.012658227848102001,1.7048794826572617,54.32098765432098,56.02586713697824,0.05878894767784004,1,0.011557638828078969,0.1251208971927577,0.23394241335994087,0,,0.9225490196078431,0.0,1,1.2215836370817246,
moving__moving__987c7b5d.mp4,987c7b5d-d7d6-41c0-9564-b26567d7dd41,cam-motion,0.15593705293276125,3.276770040959626,35.75190169689877,39.028671737858396,0.9947337624341728,37,0.022557915955042297,0.36248232160344057,0.2778288530094324,0,,0.3187134502923978,0.0,3,2.9368158853490187,0.2684548497200012
moving__moving__9ad8d159.mp4,9ad8d159-f530-41be-af05-722c2cafb160,cam-motion,0.12305516265912303,6.202457577530723,25.21942656524283,31.421884142773553,1.4043300175541233,20,0.018231852130739672,0.2988973893382023,0.4693396644417704,0,,0.3109161793372323,0.0,3,4.336434041676495,0.06780087947845459
moving__moving__9f2e7085.mp4,9f2e7085-90d6-4e04-9129-a6aff525ae71,cam-motion,0.036601307189542694,36.532867946480515,2.5014543339150666,39.03432228039558,0.6980802792321157,4,0.00418770723440136,0.1160685397624041,0.08374228969869445,0,,0.25872093023255804,0.0,2,1.3895922752330796,-0.01133975014090538
moving__moving__a09edeab.mp4,a09edeab-c674-4355-91e2-6d1c55e5cbde,cam-motion,0.024999999999999814,2.399063779988296,52.72088940901112,55.11995318899942,0.11702750146284302,3,0.013879855737130152,0.28272151507301246,0.24416294540167582,0,,0.8050682261208575,0.0,3,4.1713283595852335,
moving__moving__a3a453c3.mov,a3a453c3-6105-487c-81e1-0ea48ac60900,eval-0608,0.023622047244094474,6.302423076923078,6.702576923076923,13.005,0.10003846153846163,3,0.013804366795391078,0.1937259649007121,0.10421623010168755,0,,0.023076923076923057,0.0,2,2.6514520530091286,-0.06600611319959311
moving__moving__aaafbe3f.mp4,aaafbe3f-5cf0-4c9c-bc1b-13c5be442080,cam-motion,0.06441717791411053,8.348030570252803,57.319223985890645,65.66725455614345,0.23515579071134596,9,0.016484901197789722,0.1879724021694672,0.4553593911495261,0,,0.7081468218442257,0.0,2,2.0939287501492085,0.0
moving__moving__b100a145.mp4,b100a145-4bb5-495f-9eec-3510ed0d5584,cam-motion,0.08990147783251246,24.400234055002926,1.9309537741369223,26.331187829139846,2.8671737858396753,5,0.005179010253329295,0.289706331150684,0.19398873986774734,0,,0.20780487804878028,0.0,3,3.7050482860225222,-0.004971668124198914
moving__moving__b61ef5ea.mp4,b61ef5ea-3918-4890-9091-7c359392f53b,cam-motion,0.1021897810218977,13.86775892334699,44.938560561732004,58.806319485078994,1.1117612638970158,20,0.013506380332207437,0.30134627317665524,0.15054395667181195,0,,0.19804878048780475,0.0,3,3.2509385271117135,-0.004292582356628273
moving__moving__b8680579.mp4,b8680579-7c0c-44f3-a91e-52a0347248a7,cam-motion,0.11334552102376587,7.113462669018226,41.622574955908284,48.73603762492651,1.5285126396237487,9,0.008481417718165692,0.2972108791136958,0.36660837982525635,0,,0.464774951076321,0.0,2,5.096044907917671,0.0
moving__moving__bd81b7a0.mp4,bd81b7a0-0367-4fff-978e-55afcf413ca1,cam-motion,0.05307262569832416,12.798138452588713,1.803374054682955,14.601512507271668,0.6980802792321157,12,0.008156852209171561,0.3959190576470097,0.10029495539766049,0,,0.3088803088803088,0.0,2,22.33768167269922,0.3591470718383789
moving__moving__bd96c769.mp4,bd96c769-57f5-4348-abc5-fb3db03c2d20,cam-motion,0.06311207834602812,26.799297834991222,6.436512580456407,33.23581041544763,1.4043300175541233,10,0.01139981608074925,0.38993405161307193,0.28649769540385783,0,,0.10516066212268763,0.0,3,9.854516201856496,0.2527705952525139
moving__moving__c41cf2f9.mp4,c41cf2f9-d11d-49f1-afcd-003a88bc9f88,cam-motion,0.06818181818181837,1.2933568489124028,46.6196355085244,47.9129923574368,0.23515579071134596,2,0.027181524447298086,0.2305795863900734,0.3499185428040201,0,,0.9138099902056811,0.0,2,1.418854811195264,
moving__moving__d61d4c4b.mp4,d61d4c4b-93be-4a52-90d4-04922414044a,cam-motion,0.19285714285714242,2.9982363315696645,53.14520870076425,56.143445032333915,1.2933568489124028,4,0.0249402179714232,0.1768727025355871,0.0906893715921069,1,58.02469135802468,0.8610567514677104,0.0,2,3.258687504265112,
moving__moving__d74cd0b9.mp4,d74cd0b9-9b55-4631-a052-0f126bdfdb5f,cam-motion,0.07068607068607077,28.905792861322414,22.937390286717378,51.84318314803979,0.9362200117027513,22,0.00937885609520715,0.31597083154520517,0.1667752901797221,0,,0.06237816764132554,0.0,3,2.923455566205751,-0.0028517968021333218
moving__moving__da02bc43.mp4,da02bc43-de40-4198-b8ae-888f5f442b0a,cam-motion,0.0697278911564625,4.212990052662375,0.23405500292568754,4.447045055588063,0.9947337624341692,10,0.015201161581658745,0.2627676969866752,0.24998251240486308,0,,0.4263414634146342,0.0,3,3.6365404539167434,0.03828781843185425
moving__moving__da6bf198.mp4,da6bf198-46bc-4cd4-95a3-92156efecc6a,cam-motion,0.1896551724137931,4.271503803393795,29.54944411936805,33.820947922761846,1.930953774136917,16,0.018891416279816293,0.36322040286694685,0.2326997843435108,0,,0.6042884990253411,0.0,4,6.458878183538668,-0.0025624632835388184
moving__moving__e1a59d0a.mp4,e1a59d0a-0925-40e4-aaf8-5ee9b857540b,cam-motion,0.01226993865030682,20.53519488074462,28.912158231529958,49.44735311227458,0.4072134962187377,3,0.002152822543732448,0.24357706892783343,0.06830563003536068,0,,0.2095053346265762,0.0,2,2.3494625863289964,-0.012060817331075668
moving__moving__e2096b7c.mp4,e2096b7c-28c5-4473-8c48-929f4ae32993,cam-motion,0.007648183556405424,13.430232558139537,44.7093023255814,58.139534883720934,0.11627906976744384,2,0.002811949734439649,0.18330145437767967,0.06991423807132827,0,,0.4937076476282671,0.0,1,1.6233344631844984,-0.01379682868719101
moving__moving__e2eef892.mp4,e2eef892-76c0-41be-8da4-1e8c253486d2,cam-motion,0.013274336283185754,6.612053832650673,53.42305441778818,60.03510825043885,0.11702750146284302,3,0.009048061389020921,0.10030095158014866,0.2560316881620443,0,,0.5594541910331384,0.0,3,1.3174463662706215,0.0006464180187322199
moving__moving__e303a6e8.mp4,e303a6e8-6b42-44b5-b8ce-b08d2a3cfcf0,cam-motion,0.10301109350237714,8.0163838502048,20.128730251609127,28.145114101813927,1.1117612638970158,23,0.020926550820395892,0.2723517785667094,0.4575415382138354,0,,0.38499025341130605,0.0,3,2.9158902715950075,0.14389538764953613
moving__moving__e6f5f2f0.mp4,e6f5f2f0-5f8a-4800-b568-0b5bb38b60f1,cam-motion,0.1845386533665835,2.5279247501469726,30.21751910640799,32.745443856554964,2.2927689594356266,8,0.016684540278234166,0.1968433242068031,0.41346633934383054,0,,0.6072477962781584,0.0,2,1.487348021397481,
moving__moving__e8470f25.mp4,e8470f25-47b5-4533-990d-90992f2879fe,cam-motion,0.16221374045801526,4.97366881217086,11.644236395552955,16.617905207723815,1.2873025160912803,21,0.02754410022030491,0.4892079561024541,0.16843471485398145,0,,0.48927875243664715,0.0,4,3.318478143189717,0.048218633979558945
moving__moving__ec6520be.mp4,ec6520be-782d-477d-a1c5-4feeea0e0993,cam-motion,0.010471204188481928,6.085430076067876,0.23405500292568754,6.319485078993564,0.05851375073142506,2,0.005278772579115317,0.11898688071524273,0.24784845975654662,0,,0.8136585365853659,0.0,3,1.9798799202287278,0.038770487532019615
moving__moving__f02f5d59.mp4,f02f5d59-4362-4d2a-bac4-b6ad8b1e295b,cam-motion,0.17272727272727278,7.314218841427735,8.835576360444705,16.14979520187244,2.8086600351082502,22,0.016983447569873848,0.3433375139622064,0.2493874190264043,0,,0.14230019493177382,0.0,3,4.620535233823767,-0.046356149949133396
moving__moving__f6dabff1.mp4,f6dabff1-7225-4cda-8c61-84e60e53a714,cam-motion,0.009925558312655255,5.058139534883722,37.848837209302324,42.906976744186046,0.11627906976744384,2,0.007409838919222911,0.18629202925426402,0.23546533792258076,0,,0.6094961240310077,0.0,2,1.5721755744672503,0.05488947033882141
moving__moving__f8ffab0a.mp4,f8ffab0a-18aa-4f07-bf95-2402b97d2eb9,uploaded,0.22260273972602748,2.1,0.4,2.5,1.8999999999999986,20,0.025597339724202042,0.21763101483903027,0.8079238584460907,41,3.2,0.09756097560975621,0.0,2,2.4576892037147564,
moving__moving__fc7f8f63.mp4,fc7f8f63-dfac-4c95-be8f-12a88b4f0c76,cam-motion,0.1745827984595634,16.20830895260386,31.831480397893504,48.039789350497365,1.52135751901697,32,0.024803312809862168,0.3711512108482806,0.20569800271527278,0,,0.24074074074074056,0.0,3,5.7206183540857785,-0.013965893536806107
moving__moving__fe50101f.mp4,fe50101f-a34d-4abb-9471-12a9dea99bdb,cam-motion,0.06459330143540667,10.471204188481675,0.23269342641070387,10.703897614892378,1.2798138452588717,16,0.011750534389467146,0.42000866278658355,0.14176308990785272,1,13.205351948807445,0.1887705711519845,0.0,2,2.6422922349746374,-0.010554473323281854
moving__moving__ff1ecb03.mp4,ff1ecb03-3c01-46a4-870f-7d4de551d083,cam-motion,0.17139334155363745,8.835576360444705,34.11351667641896,42.949093036863665,2.691632533645407,12,0.010310352769069267,0.2674598924728295,0.3333449557200337,0,,0.20878048780487815,0.0,3,1.8676950170508946,-0.05125174392014742
moving__na__556a7bfe.mp4,556a7bfe-c2da-45b1-a4a1-f664ac63d219,cam-motion,0.054507337526205464,5.43859649122807,13.50877192982456,18.94736842105263,0.40935672514619625,8,0.024431339210954545,0.5219411731855218,0.32925236734870683,0,,0.5350877192982455,0.0,2,6.263742121147342,0.027105748653411865
moving__na__8899146c.mp4,8899146c-24d9-4555-8844-331d4a045c5c,cam-motion,0.13223140495867747,3.393797542422469,27.61849034523113,31.0122878876536,1.4043300175541233,22,0.023630213699603917,0.3568499535139808,0.2992172711370064,0,,0.41033138401559466,0.0,3,3.9148424144512877,0.006317244152808731
moving__na__e07f9b00.mp4,e07f9b00-67f1-4f6e-970a-95bf7fa97048,cam-motion,0.2452830188679245,2.9256875365710933,12.931538911644237,15.85722644821533,4.095962551199532,23,0.015960812295550693,0.30652118898463254,0.2231024606799659,0,,0.3795121951219512,0.0,3,4.838010369151009,
shedding__na__0146200f.mp4,0146200f-bf0c-41e6-a17b-864b0798985e,uploaded,0.36249999999999993,0.9965571205007825,0.2179968701095462,1.2145539906103286,0.7162754303599375,3,0.0208463924348495,0.07592299966775475,0.07019483793026614,1,1.930829420970266,0.23474178403755863,0.0,1,1.2703926108478554,
shedding__na__0525472f.mp4,0525472f-826f-457b-82cd-fd401bb63487,uploaded,0.10185185185185192,2.0020000000000007,8.1081,10.110100000000001,0.2001999999999997,10,0.04414196936525426,0.25433239620849396,0.20309601353703374,7,10.8108,0.6941489361702121,0.0,2,2.1462628725123394,
shedding__na__0e7bccb0.mp4,0e7bccb0-9402-4b74-b53c-bed6dbd4873b,uploaded,0.08134490238611727,2.8028,2.0020000000000002,4.8048,0.3003,14,0.024974490916240794,0.25707018580887037,0.0973454417096968,7,0.7007,0.2740569668976139,0.0,3,2.322125693528585,
shedding__na__251ffaaa.mp4,251ffaaa-97e7-49c3-88fc-0956d90c48ca,uploaded,0.2737226277372265,1.6666666666666667,1.8333333333333333,3.5,1.5,9,0.052964467085446346,0.3331678317634127,0.7669634467471258,2,11.0,0.4918032786885244,0.0,2,3.476459508855405,
shedding__na__25fa7876.mp4,25fa7876-a7c8-49fa-b383-826d87035ef6,uploaded,0.013333333333333428,3.2916666666666665,3.8333333333333335,7.125,0.08333333333333393,1,0.016090851028039886,0.23565252778631385,0.49689372299971013,0,,0.2647058823529412,0.0,2,2.649449078358744,4.278703799744048
shedding__na__2cad1b51.mp4,2cad1b51-71d0-44b7-b6b3-ffb49c7e35e5,uploaded,0.12389380530973469,2.8028000000000004,4.2042,7.007000000000001,0.3003,10,0.03356877835440591,0.22310981323789789,0.11548764958755811,3,1.4014,0.34215500945179583,0.0,2,1.3783035556906493,
shedding__na__2d583811.mp4,2d583811-753d-471d-84b1-554e5b37602a,uploaded,0.08769230769230733,7.2072,9.9099,17.1171,0.5005000000000024,11,0.012597904319592863,0.3699444490326402,0.19579738181035572,0,,0.364613880742913,0.0,3,4.180746898086901,0.0008141566067934036
shedding__na__31da5684.mp4,31da5684-ecd9-4157-b7ac-c95def5ee9f5,uploaded,0.0,0.8008000000000006,6.2062,7.007000000000001,0.0,0,0.003867501429388444,0.005667728119229832,0.04673649703140824,1,5.005,0.8902439024390243,0.0,1,1.0195895882756194,
shedding__na__3252ac4a.mp4,3252ac4a-b964-4aee-a17e-b60ca68158ff,uploaded,0.0,0.3010135135135137,2.6087837837837835,2.909797297297297,0.0,0,0.019391305283067626,0.0488359480234049,0.12585304875804193,0,,0.9652509652509652,0.0,1,1.3163222091692834,
shedding__na__3b0d9995.mp4,3b0d9995-eb2f-4c4f-bff3-c73f82f2b705,uploaded,0.16879999999999973,3.0230291744258224,20.608607490171735,23.631636664597558,1.202710531760811,30,0.030610442750234605,0.33443675047777605,0.18834416626352418,4,10.011752534657562,0.21663563004345102,0.0,3,3.1599341385919333,0.6235221595797533
shedding__na__3b169faa.mp4,3b169faa-f939-4ff4-8d3f-c4d8d479c24e,uploaded,0.05607476635514022,1.2012,0.20020000000000002,1.4014,0.1001000000000003,2,0.028159007384294266,0.16968982848732744,0.06174556112580133,0,,0.16406249999999997,0.0,1,1.5247259694835051,
shedding__na__3f976b25.mp4,3f976b25-02f4-4544-bfaf-0780f7e44eca,uploaded,0.029761904761904816,6.4064,8.5085,14.9149,0.3003,3,0.009636595220384073,0.3742284181649563,0.10254915770444904,0,,0.31241473396998615,0.0,3,1.7009301416379436,-0.0007204610737971961
shedding__na__53a2525b.mp4,53a2525b-1ce8-4b23-83df-b4f5aee06764,uploaded,0.3764478764478769,4.6046,8.608600000000001,13.2132,2.8028000000000013,19,0.01141750312340191,0.1094871217195805,0.20728189760228097,0,,0.563237774030354,0.0,1,1.5476989356202404,0.00473248865455389
shedding__na__6142554e.mp4,6142554e-8a04-4145-9bcf-8b06567511cb,uploaded,0.0,3.9999999999999996,0.20833333333333334,4.208333333333333,0.0,0,0.01680103926753326,0.05473188804730717,0.1957691569960366,0,,0.0643776824034335,0.0,1,1.140662708886645,0.3140085968873898
shedding__na__640ce9bb.mp4,640ce9bb-fbb6-46b3-96ad-b2c4f6b8221a,uploaded,0.5734806629834258,0.9374045801526716,14.412595419847328,15.35,1.6906761177753542,26,0.03116882307495539,0.13680882577797188,0.6197249027825837,0,,0.013086150490730645,0.0,1,1.7677638725323288,
shedding__na__67c40fdf.mp4,67c40fdf-adf7-46b7-b7e9-51cfb202e4e3,uploaded,0.1572580645161293,1.9019,1.9019,3.8038,0.40039999999999987,17,0.04445532336340182,0.21843195896386475,0.16101238924102407,0,,0.44206974128234006,0.0,2,1.581411255775727,
shedding__na__6901da64.mp4,6901da64-f16c-4b5d-b123-45dcafa92435,uploaded,0.013931888544891701,2.75561388159813,54.511052785068536,57.266666666666666,0.10020414114902465,3,0.009778631889999952,0.36340510060679737,0.11168678750091822,0,,0.6232137649460484,0.0,2,4.197158604522024,
shedding__na__6c9b50ad.mp4,6c9b50ad-38a9-44bd-964e-a38c96366561,uploaded,0.008547008547008496,2.0020000000000002,0.40040000000000003,2.4024,0.10009999999999941,1,0.013284829065458073,0.14123620513349572,0.14066874300313928,1,5.7057,0.40101522842639586,0.0,2,1.4156865152390672,
shedding__na__76b9a076.mp4,76b9a076-c9fc-409b-b2d4-75858da96b75,uploaded,0.022113022113022344,5.4054,22.4224,27.8278,0.10010000000000474,3,0.012669063583294782,0.14474874341355567,0.11711823665987993,28,4.7047,0.5181550539744846,0.0,2,1.61895794569042,-0.29883897164836526
shedding__na__8d3d74b5.mp4,8d3d74b5-c3a6-4c43-b593-10a861cd73e1,uploaded,0.19285714285714356,0.9009,28.1281,29.029,0.4003999999999994,22,0.06211820659410894,0.2919513585603125,0.11781224079671114,3,0.10010000000000001,0.521739130434783,0.0,2,2.985021360888814,
shedding__na__9c871834.mp4,9c871834-c360-4c75-8835-5ee156b3b413,uploaded,0.08411214953271061,3.4033999999999978,17.517500000000002,20.9209,0.3003,12,0.02873039774572173,0.2667571319280564,0.11459666519779099,20,2.7027,0.38636363636363613,0.0,2,4.269797765437022,-0.2483581529262586
shedding__na__9dd677be.mp4,9dd677be-4702-48fe-8aa0-83e7c77e71c2,uploaded,0.0,0.5196141479099676,2.50064308681672,3.020257234726688,0.0,0,0.02065827590259918,0.04186706834850475,0.19006171804674313,0,,0.8295819935691318,0.0,1,1.0364200562994335,
shedding__na__abd987a3.mp4,abd987a3-69a8-47ea-a8ec-1a5f11d39712,uploaded,0.02189781021897826,1.2035225048923675,13.105022831050228,14.308545335942595,0.1002935420743647,1,0.01359395327085015,0.09206692516553819,0.20062642290200447,0,,0.7318982387475538,0.0,2,1.2207380874554081,
shedding__na__ba39511a.mp4,ba39511a-578a-4929-ae5f-fcb425860dd6,uploaded,0.0725388601036263,3.2032000000000007,3.8038,7.007000000000001,0.5005000000000024,11,0.02067139973642535,0.2577531964435221,0.13247903520496748,14,10.8108,0.3879699248120299,0.0,2,2.483795670490303,0.3434786796569824
shedding__na__c2cd0200.mp4,c2cd0200-d180-4110-852b-32fdfcf4cf6c,uploaded,0.17235772357723567,1.6932062561094816,1.7099706744868035,3.403176930596285,0.5867546432062554,12,0.042555641262881194,0.2788966877026209,0.5907171509373036,1,10.913636363636364,0.5447214076246335,0.0,2,3.9736539688038226,
shedding__na__c72a8256.mp4,c72a8256-f248-4888-ba07-5144e427fbc3,uploaded,0.0476190476190482,0.7006999999999994,10.5105,11.2112,0.10010000000000119,1,0.024269865681771127,0.18859547748405855,0.3813548714418145,0,,0.896551724137931,0.0,2,1.4017064263913175,
shedding__na__d83eacae.mp4,d83eacae-fedd-4e6c-b9f1-5e1a4e564d82,uploaded,0.2754158964879853,1.8750000000000002,0.3333333333333333,2.2083333333333335,1.0000000000000004,23,0.03234778538165178,0.2136433681830134,0.6698529152593746,17,2.625,0.13649851632047472,0.0,2,2.798793745300474,
shedding__na__efa2afcc.mp4,efa2afcc-a926-472d-99ce-6ef845824466,uploaded,0.03333333333333339,2.3023000000000025,29.8298,32.1321,0.2001999999999997,4,0.023046235791019457,0.23667708231357057,0.06192159606685449,3,13.3133,0.523364485981308,0.0,2,1.5901222887124855,
shedding__na__f4d9b62f.mp4,f4d9b62f-1dac-4fdd-9489-b9221c522e09,uploaded,0.21556886227544894,1.6,0.2,1.8,0.6999999999999997,14,0.04531127485901309,0.2922406679309131,0.4693977213601154,0,,0.05915492957746478,0.0,2,2.093937441994184,
unseen__na__53d52acb.mp4,53d52acb-89a6-4bbf-8542-67f925592c07,cam-motion,0.0,7.147007553747821,1.8012783265543288,8.94828588030215,0.0,0,0.008141430299457884,0.2029792008051298,0.06078572750748618,15,14.119697850087158,0.813953488372093,0.0,1,1.1830671758198743,0.007333974353969097
unseen__na__8fb1b980.mp4,8fb1b980-7d17-43c7-abc7-2e0a2342012f,cam-motion,0.0,6.729081334113517,0.7021650087770626,7.43124634289058,0.0,0,0.0077275060830387255,0.0357953521595633,0.10877410861247613,0,,0.8401559454191033,0.0,2,1.1521902707492349,0.058172045417510476
